Workbook
Name product_deatials: Products!$A$2:$C$21

Sheet Orders(orignal_ds)
A1: Order_ID | B1: Product_ID | C1: Quantity
A2: 5001 | B2: 3 | C2: 2
A3: 5002 | B3: 11 | C3: 1
A4: 5003 | B4: 2 | C4: 5
A5: 5004 | B5: 4 | C5: 5
A6: 5005 | B6: 14 | C6: 5
A7: 5006 | B7: 5 | C7: 5
A8: 5007 | B8: 3 | C8: 3
A9: 5008 | B9: 8 | C9: 1
A10: 5009 | B10: 6 | C10: 5
A11: 5010 | B11: 16 | C11: 4
A12: 5011 | B12: 15 | C12: 1
A13: 5012 | B13: 12 | C13: 4
... A201: 5200 | B201: 12 | C201: 4

Sheet Products
A1: Product_ID | B1: Product_Name | C1: Price
A2: 1 | B2: Laptop | C2: 34130
A3: 2 | B3: Mouse | C3: 40685
A4: 3 | B4: Keyboard | C4: 26587
A5: 4 | B5: Monitor | C5: 30181
A6: 5 | B6: Tablet | C6: 13509
A7: 6 | B7: Phone | C7: 10250
A8: 7 | B8: Camera | C8: 34857
A9: 8 | B9: Printer | C9: 31589
A10: 9 | B10: Desk | C10: 15870
A11: 10 | B11: Chair | C11: 18164
A12: 11 | B12: Fan | C12: 45046
A13: 12 | B13: AC | C13: 32456
... A21: 20 | B21: SSD | C21: 10724

Sheet xlookup
A1: Order_ID | B1: Product_ID | C1: Quantity | D1: Product_name | E1: Price | F1: Total_price | G1: Reverse_xlookup
A2: 5001 | B2: 3 | C2: 2 | D2: =_xlfn.XLOOKUP(B2,Products!$A$2:$A$21,Products!$B$2:$B$21,,0) -> Keyboard | E2: =_xlfn.XLOOKUP(D2,Products!$B$2:$B$21,Products!$C$2:$C$21,,0) -> 26587 | F2: =C2*E2 -> 53174 | G2: =_xlfn.XLOOKUP(D2,Products!$B$2:$B$21,Products!$A$2:$A$21,,0) -> 3
A3: 5002 | B3: 11 | C3: 1 | D3: =_xlfn.XLOOKUP(B3,Products!$A$2:$A$21,Products!$B$2:$B$21,,0) -> Fan | E3: =_xlfn.XLOOKUP(D3,Products!$B$2:$B$21,Products!$C$2:$C$21,,0) -> 45046 | F3: =C3*E3 -> 45046 | G3: =_xlfn.XLOOKUP(D3,Products!$B$2:$B$21,Products!$A$2:$A$21,,0) -> 11
A4: 5003 | B4: 2 | C4: 5 | D4: =_xlfn.XLOOKUP(B4,Products!$A$2:$A$21,Products!$B$2:$B$21,,0) -> Mouse | E4: =_xlfn.XLOOKUP(D4,Products!$B$2:$B$21,Products!$C$2:$C$21,,0) -> 40685 | F4: =C4*E4 -> 203425 | G4: =_xlfn.XLOOKUP(D4,Products!$B$2:$B$21,Products!$A$2:$A$21,,0) -> 2
A5: 5004 | B5: 4 | C5: 5 | D5: =_xlfn.XLOOKUP(B5,Products!$A$2:$A$21,Products!$B$2:$B$21,,0) -> Monitor | E5: =_xlfn.XLOOKUP(D5,Products!$B$2:$B$21,Products!$C$2:$C$21,,0) -> 30181 | F5: =C5*E5 -> 150905 | G5: =_xlfn.XLOOKUP(D5,Products!$B$2:$B$21,Products!$A$2:$A$21,,0) -> 4
A6: 5005 | B6: 14 | C6: 5 | D6: =_xlfn.XLOOKUP(B6,Products!$A$2:$A$21,Products!$B$2:$B$21,,0) -> Book | E6: =_xlfn.XLOOKUP(D6,Products!$B$2:$B$21,Products!$C$2:$C$21,,0) -> 23213 | F6: =C6*E6 -> 116065 | G6: =_xlfn.XLOOKUP(D6,Products!$B$2:$B$21,Products!$A$2:$A$21,,0) -> 14
A7: 5006 | B7: 5 | C7: 5 | D7: =_xlfn.XLOOKUP(B7,Products!$A$2:$A$21,Products!$B$2:$B$21,,0) -> Tablet | E7: =_xlfn.XLOOKUP(D7,Products!$B$2:$B$21,Products!$C$2:$C$21,,0) -> 13509 | F7: =C7*E7 -> 67545 | G7: =_xlfn.XLOOKUP(D7,Products!$B$2:$B$21,Products!$A$2:$A$21,,0) -> 5
A8: 5007 | B8: 3 | C8: 3 | D8: =_xlfn.XLOOKUP(B8,Products!$A$2:$A$21,Products!$B$2:$B$21,,0) -> Keyboard | E8: =_xlfn.XLOOKUP(D8,Products!$B$2:$B$21,Products!$C$2:$C$21,,0) -> 26587 | F8: =C8*E8 -> 79761 | G8: =_xlfn.XLOOKUP(D8,Products!$B$2:$B$21,Products!$A$2:$A$21,,0) -> 3
A9: 5008 | B9: 8 | C9: 1 | D9: =_xlfn.XLOOKUP(B9,Products!$A$2:$A$21,Products!$B$2:$B$21,,0) -> Printer | E9: =_xlfn.XLOOKUP(D9,Products!$B$2:$B$21,Products!$C$2:$C$21,,0) -> 31589 | F9: =C9*E9 -> 31589 | G9: =_xlfn.XLOOKUP(D9,Products!$B$2:$B$21,Products!$A$2:$A$21,,0) -> 8
A10: 5009 | B10: 6 | C10: 5 | D10: =_xlfn.XLOOKUP(B10,Products!$A$2:$A$21,Products!$B$2:$B$21,,0) -> Phone | E10: =_xlfn.XLOOKUP(D10,Products!$B$2:$B$21,Products!$C$2:$C$21,,0) -> 10250 | F10: =C10*E10 -> 51250 | G10: =_xlfn.XLOOKUP(D10,Products!$B$2:$B$21,Products!$A$2:$A$21,,0) -> 6
A11: 5010 | B11: 16 | C11: 4 | D11: =_xlfn.XLOOKUP(B11,Products!$A$2:$A$21,Products!$B$2:$B$21,,0) -> Watch | E11: =_xlfn.XLOOKUP(D11,Products!$B$2:$B$21,Products!$C$2:$C$21,,0) -> 21553 | F11: =C11*E11 -> 86212 | G11: =_xlfn.XLOOKUP(D11,Products!$B$2:$B$21,Products!$A$2:$A$21,,0) -> 16
A12: 5011 | B12: 15 | C12: 1 | D12: =_xlfn.XLOOKUP(B12,Products!$A$2:$A$21,Products!$B$2:$B$21,,0) -> Bag | E12: =_xlfn.XLOOKUP(D12,Products!$B$2:$B$21,Products!$C$2:$C$21,,0) -> 12567 | F12: =C12*E12 -> 12567 | G12: =_xlfn.XLOOKUP(D12,Products!$B$2:$B$21,Products!$A$2:$A$21,,0) -> 15
A13: 5012 | B13: 12 | C13: 4 | D13: =_xlfn.XLOOKUP(B13,Products!$A$2:$A$21,Products!$B$2:$B$21,,0) -> AC | E13: =_xlfn.XLOOKUP(D13,Products!$B$2:$B$21,Products!$C$2:$C$21,,0) -> 32456 | F13: =C13*E13 -> 129824 | G13: =_xlfn.XLOOKUP(D13,Products!$B$2:$B$21,Products!$A$2:$A$21,,0) -> 12
... A201: 5200 | B201: 12 | C201: 4 | D201: =_xlfn.XLOOKUP(B201,Products!$A$2:$A$21,Products!$B$2:$B$21,,0) -> AC | E201: =_xlfn.XLOOKUP(D201,Products!$B$2:$B$21,Products!$C$2:$C$21,,0) -> 32456 | F201: =C201*E201 -> 129824 | G201: =_xlfn.XLOOKUP(D201,Products!$B$2:$B$21,Products!$A$2:$A$21,,0) -> 12

Sheet Static
A1: Order_ID | B1: Product_ID | C1: Quantity | D1: Product_name | E1: Price | F1: Total_price
A2: 5001 | B2: 3 | C2: 2 | D2: =_xlfn.XLOOKUP(B2,Products!$A$2:$A$21,Products!$B$2:$B$21,,0) -> Keyboard | E2: =_xlfn.XLOOKUP(D2,Products!$B$2:$B$21,Products!$C$2:$C$21,,0) -> 26587 | F2: =C2*E2 -> 53174
A3: 5002 | B3: 11 | C3: 1 | D3: =_xlfn.XLOOKUP(B3,Products!$A$2:$A$21,Products!$B$2:$B$21,,0) -> Fan | E3: =_xlfn.XLOOKUP(D3,Products!$B$2:$B$21,Products!$C$2:$C$21,,0) -> 45046 | F3: =C3*E3 -> 45046
A4: 5003 | B4: 2 | C4: 5 | D4: =_xlfn.XLOOKUP(B4,Products!$A$2:$A$21,Products!$B$2:$B$21,,0) -> Mouse | E4: =_xlfn.XLOOKUP(D4,Products!$B$2:$B$21,Products!$C$2:$C$21,,0) -> 40685 | F4: =C4*E4 -> 203425
A5: 5004 | B5: 4 | C5: 5 | D5: =_xlfn.XLOOKUP(B5,Products!$A$2:$A$21,Products!$B$2:$B$21,,0) -> Monitor | E5: =_xlfn.XLOOKUP(D5,Products!$B$2:$B$21,Products!$C$2:$C$21,,0) -> 30181 | F5: =C5*E5 -> 150905
A6: 5005 | B6: 14 | C6: 5 | D6: =_xlfn.XLOOKUP(B6,Products!$A$2:$A$21,Products!$B$2:$B$21,,0) -> Book | E6: =_xlfn.XLOOKUP(D6,Products!$B$2:$B$21,Products!$C$2:$C$21,,0) -> 23213 | F6: =C6*E6 -> 116065
A7: 5006 | B7: 5 | C7: 5 | D7: =_xlfn.XLOOKUP(B7,Products!$A$2:$A$21,Products!$B$2:$B$21,,0) -> Tablet | E7: =_xlfn.XLOOKUP(D7,Products!$B$2:$B$21,Products!$C$2:$C$21,,0) -> 13509 | F7: =C7*E7 -> 67545
A8: 5007 | B8: 3 | C8: 3 | D8: =_xlfn.XLOOKUP(B8,Products!$A$2:$A$21,Products!$B$2:$B$21,,0) -> Keyboard | E8: =_xlfn.XLOOKUP(D8,Products!$B$2:$B$21,Products!$C$2:$C$21,,0) -> 26587 | F8: =C8*E8 -> 79761
A9: 5008 | B9: 8 | C9: 1 | D9: =_xlfn.XLOOKUP(B9,Products!$A$2:$A$21,Products!$B$2:$B$21,,0) -> Printer | E9: =_xlfn.XLOOKUP(D9,Products!$B$2:$B$21,Products!$C$2:$C$21,,0) -> 31589 | F9: =C9*E9 -> 31589
A10: 5009 | B10: 6 | C10: 5 | D10: =_xlfn.XLOOKUP(B10,Products!$A$2:$A$21,Products!$B$2:$B$21,,0) -> Phone | E10: =_xlfn.XLOOKUP(D10,Products!$B$2:$B$21,Products!$C$2:$C$21,,0) -> 10250 | F10: =C10*E10 -> 51250 | L10: Enter_product_name | M10: Price
A11: 5010 | B11: 16 | C11: 4 | D11: =_xlfn.XLOOKUP(B11,Products!$A$2:$A$21,Products!$B$2:$B$21,,0) -> Watch | E11: =_xlfn.XLOOKUP(D11,Products!$B$2:$B$21,Products!$C$2:$C$21,,0) -> 21553 | F11: =C11*E11 -> 86212 | L11: Printer | M11: =_xlfn.XLOOKUP(L11,D2:D201,E2:E201,,0) -> 31589
A12: 5011 | B12: 15 | C12: 1 | D12: =_xlfn.XLOOKUP(B12,Products!$A$2:$A$21,Products!$B$2:$B$21,,0) -> Bag | E12: =_xlfn.XLOOKUP(D12,Products!$B$2:$B$21,Products!$C$2:$C$21,,0) -> 12567 | F12: =C12*E12 -> 12567
A13: 5012 | B13: 12 | C13: 4 | D13: =_xlfn.XLOOKUP(B13,Products!$A$2:$A$21,Products!$B$2:$B$21,,0) -> AC | E13: =_xlfn.XLOOKUP(D13,Products!$B$2:$B$21,Products!$C$2:$C$21,,0) -> 32456 | F13: =C13*E13 -> 129824
A14: 5013 | B14: 19 | C14: 5 | D14: =_xlfn.XLOOKUP(B14,Products!$A$2:$A$21,Products!$B$2:$B$21,,0) -> Router | E14: =_xlfn.XLOOKUP(D14,Products!$B$2:$B$21,Products!$C$2:$C$21,,0) -> 37165 | F14: =C14*E14 -> 185825
A15: 5014 | B15: 4 | C15: 5 | D15: =_xlfn.XLOOKUP(B15,Products!$A$2:$A$21,Products!$B$2:$B$21,,0) -> Monitor | E15: =_xlfn.XLOOKUP(D15,Products!$B$2:$B$21,Products!$C$2:$C$21,,0) -> 30181 | F15: =C15*E15 -> 150905
A16: 5015 | B16: 15 | C16: 2 | D16: =_xlfn.XLOOKUP(B16,Products!$A$2:$A$21,Products!$B$2:$B$21,,0) -> Bag | E16: =_xlfn.XLOOKUP(D16,Products!$B$2:$B$21,Products!$C$2:$C$21,,0) -> 12567 | F16: =C16*E16 -> 25134
A17: 5016 | B17: 6 | C17: 5 | D17: =_xlfn.XLOOKUP(B17,Products!$A$2:$A$21,Products!$B$2:$B$21,,0) -> Phone | E17: =_xlfn.XLOOKUP(D17,Products!$B$2:$B$21,Products!$C$2:$C$21,,0) -> 10250 | F17: =C17*E17 -> 51250
A18: 5017 | B18: 4 | C18: 4 | D18: =_xlfn.XLOOKUP(B18,Products!$A$2:$A$21,Products!$B$2:$B$21,,0) -> Monitor | E18: =_xlfn.XLOOKUP(D18,Products!$B$2:$B$21,Products!$C$2:$C$21,,0) -> 30181 | F18: =C18*E18 -> 120724
A19: 5018 | B19: 5 | C19: 4 | D19: =_xlfn.XLOOKUP(B19,Products!$A$2:$A$21,Products!$B$2:$B$21,,0) -> Tablet | E19: =_xlfn.XLOOKUP(D19,Products!$B$2:$B$21,Products!$C$2:$C$21,,0) -> 13509 | F19: =C19*E19 -> 54036
A20: 5019 | B20: 17 | C20: 3 | D20: =_xlfn.XLOOKUP(B20,Products!$A$2:$A$21,Products!$B$2:$B$21,,0) -> TV | E20: =_xlfn.XLOOKUP(D20,Products!$B$2:$B$21,Products!$C$2:$C$21,,0) -> 25434 | F20: =C20*E20 -> 76302
A21: 5020 | B21: 10 | C21: 1 | D21: =_xlfn.XLOOKUP(B21,Products!$A$2:$A$21,Products!$B$2:$B$21,,0) -> Chair | E21: =_xlfn.XLOOKUP(D21,Products!$B$2:$B$21,Products!$C$2:$C$21,,0) -> 18164 | F21: =C21*E21 -> 18164
A22: 5021 | B22: 7 | C22: 2 | D22: =_xlfn.XLOOKUP(B22,Products!$A$2:$A$21,Products!$B$2:$B$21,,0) -> Camera | E22: =_xlfn.XLOOKUP(D22,Products!$B$2:$B$21,Products!$C$2:$C$21,,0) -> 34857 | F22: =C22*E22 -> 69714
A23: 5022 | B23: 7 | C23: 4 | D23: =_xlfn.XLOOKUP(B23,Products!$A$2:$A$21,Products!$B$2:$B$21,,0) -> Camera | E23: =_xlfn.XLOOKUP(D23,Products!$B$2:$B$21,Products!$C$2:$C$21,,0) -> 34857 | F23: =C23*E23 -> 139428
... A201: 5200 | B201: 12 | C201: 4 | D201: =_xlfn.XLOOKUP(B201,Products!$A$2:$A$21,Products!$B$2:$B$21,,0) -> AC | E201: =_xlfn.XLOOKUP(D201,Products!$B$2:$B$21,Products!$C$2:$C$21,,0) -> 32456 | F201: =C201*E201 -> 129824

Sheet Error_message
A1: Order_ID | B1: Product_ID | C1: Quantity | D1: Product_name | E1: Price | F1: Total_price
A2: 5001 | B2: 3 | C2: 2 | D2: =_xlfn.XLOOKUP(B2,Products!$A$2:$A$21,Products!$B$2:$B$21,,0) -> Keyboard | E2: =_xlfn.XLOOKUP(D2,Products!$B$2:$B$21,Products!$C$2:$C$21,,0) -> 26587 | F2: =C2*E2 -> 53174
A3: 5002 | B3: 11 | C3: 1 | D3: =_xlfn.XLOOKUP(B3,Products!$A$2:$A$21,Products!$B$2:$B$21,,0) -> Fan | E3: =_xlfn.XLOOKUP(D3,Products!$B$2:$B$21,Products!$C$2:$C$21,,0) -> 45046 | F3: =C3*E3 -> 45046
A4: 5003 | B4: 2 | C4: 5 | D4: =_xlfn.XLOOKUP(B4,Products!$A$2:$A$21,Products!$B$2:$B$21,,0) -> Mouse | E4: =_xlfn.XLOOKUP(D4,Products!$B$2:$B$21,Products!$C$2:$C$21,,0) -> 40685 | F4: =C4*E4 -> 203425
A5: 5004 | B5: 4 | C5: 5 | D5: =_xlfn.XLOOKUP(B5,Products!$A$2:$A$21,Products!$B$2:$B$21,,0) -> Monitor | E5: =_xlfn.XLOOKUP(D5,Products!$B$2:$B$21,Products!$C$2:$C$21,,0) -> 30181 | F5: =C5*E5 -> 150905
A6: 5005 | B6: 14 | C6: 5 | D6: =_xlfn.XLOOKUP(B6,Products!$A$2:$A$21,Products!$B$2:$B$21,,0) -> Book | E6: =_xlfn.XLOOKUP(D6,Products!$B$2:$B$21,Products!$C$2:$C$21,,0) -> 23213 | F6: =C6*E6 -> 116065
A7: 5006 | B7: 5 | C7: 5 | D7: =_xlfn.XLOOKUP(B7,Products!$A$2:$A$21,Products!$B$2:$B$21,,0) -> Tablet | E7: =_xlfn.XLOOKUP(D7,Products!$B$2:$B$21,Products!$C$2:$C$21,,0) -> 13509 | F7: =C7*E7 -> 67545
A8: 5007 | B8: 3 | C8: 3 | D8: =_xlfn.XLOOKUP(B8,Products!$A$2:$A$21,Products!$B$2:$B$21,,0) -> Keyboard | E8: =_xlfn.XLOOKUP(D8,Products!$B$2:$B$21,Products!$C$2:$C$21,,0) -> 26587 | F8: =C8*E8 -> 79761
A9: 5008 | B9: 8 | C9: 1 | D9: =_xlfn.XLOOKUP(B9,Products!$A$2:$A$21,Products!$B$2:$B$21,,0) -> Printer | E9: =_xlfn.XLOOKUP(D9,Products!$B$2:$B$21,Products!$C$2:$C$21,,0) -> 31589 | F9: =C9*E9 -> 31589
A10: 5009 | B10: 6 | C10: 5 | D10: =_xlfn.XLOOKUP(B10,Products!$A$2:$A$21,Products!$B$2:$B$21,,0) -> Phone | E10: =_xlfn.XLOOKUP(D10,Products!$B$2:$B$21,Products!$C$2:$C$21,,0) -> 10250 | F10: =C10*E10 -> 51250 | K10: Enter_product_name | L10: Price
A11: 5010 | B11: 16 | C11: 4 | D11: =_xlfn.XLOOKUP(B11,Products!$A$2:$A$21,Products!$B$2:$B$21,,0) -> Watch | E11: =_xlfn.XLOOKUP(D11,Products!$B$2:$B$21,Products!$C$2:$C$21,,0) -> 21553 | F11: =C11*E11 -> 86212 | K11: shoes | L11: =_xlfn.XLOOKUP(K11,D2:D201,E1:E200,"Enter valid product",0) -> Enter valid product
A12: 5011 | B12: 15 | C12: 1 | D12: =_xlfn.XLOOKUP(B12,Products!$A$2:$A$21,Products!$B$2:$B$21,,0) -> Bag | E12: =_xlfn.XLOOKUP(D12,Products!$B$2:$B$21,Products!$C$2:$C$21,,0) -> 12567 | F12: =C12*E12 -> 12567
A13: 5012 | B13: 12 | C13: 4 | D13: =_xlfn.XLOOKUP(B13,Products!$A$2:$A$21,Products!$B$2:$B$21,,0) -> AC | E13: =_xlfn.XLOOKUP(D13,Products!$B$2:$B$21,Products!$C$2:$C$21,,0) -> 32456 | F13: =C13*E13 -> 129824
A14: 5013 | B14: 19 | C14: 5 | D14: =_xlfn.XLOOKUP(B14,Products!$A$2:$A$21,Products!$B$2:$B$21,,0) -> Router | E14: =_xlfn.XLOOKUP(D14,Products!$B$2:$B$21,Products!$C$2:$C$21,,0) -> 37165 | F14: =C14*E14 -> 185825
A15: 5014 | B15: 4 | C15: 5 | D15: =_xlfn.XLOOKUP(B15,Products!$A$2:$A$21,Products!$B$2:$B$21,,0) -> Monitor | E15: =_xlfn.XLOOKUP(D15,Products!$B$2:$B$21,Products!$C$2:$C$21,,0) -> 30181 | F15: =C15*E15 -> 150905
A16: 5015 | B16: 15 | C16: 2 | D16: =_xlfn.XLOOKUP(B16,Products!$A$2:$A$21,Products!$B$2:$B$21,,0) -> Bag | E16: =_xlfn.XLOOKUP(D16,Products!$B$2:$B$21,Products!$C$2:$C$21,,0) -> 12567 | F16: =C16*E16 -> 25134
A17: 5016 | B17: 6 | C17: 5 | D17: =_xlfn.XLOOKUP(B17,Products!$A$2:$A$21,Products!$B$2:$B$21,,0) -> Phone | E17: =_xlfn.XLOOKUP(D17,Products!$B$2:$B$21,Products!$C$2:$C$21,,0) -> 10250 | F17: =C17*E17 -> 51250
A18: 5017 | B18: 4 | C18: 4 | D18: =_xlfn.XLOOKUP(B18,Products!$A$2:$A$21,Products!$B$2:$B$21,,0) -> Monitor | E18: =_xlfn.XLOOKUP(D18,Products!$B$2:$B$21,Products!$C$2:$C$21,,0) -> 30181 | F18: =C18*E18 -> 120724
A19: 5018 | B19: 5 | C19: 4 | D19: =_xlfn.XLOOKUP(B19,Products!$A$2:$A$21,Products!$B$2:$B$21,,0) -> Tablet | E19: =_xlfn.XLOOKUP(D19,Products!$B$2:$B$21,Products!$C$2:$C$21,,0) -> 13509 | F19: =C19*E19 -> 54036
A20: 5019 | B20: 17 | C20: 3 | D20: =_xlfn.XLOOKUP(B20,Products!$A$2:$A$21,Products!$B$2:$B$21,,0) -> TV | E20: =_xlfn.XLOOKUP(D20,Products!$B$2:$B$21,Products!$C$2:$C$21,,0) -> 25434 | F20: =C20*E20 -> 76302
A21: 5020 | B21: 10 | C21: 1 | D21: =_xlfn.XLOOKUP(B21,Products!$A$2:$A$21,Products!$B$2:$B$21,,0) -> Chair | E21: =_xlfn.XLOOKUP(D21,Products!$B$2:$B$21,Products!$C$2:$C$21,,0) -> 18164 | F21: =C21*E21 -> 18164
A22: 5021 | B22: 7 | C22: 2 | D22: =_xlfn.XLOOKUP(B22,Products!$A$2:$A$21,Products!$B$2:$B$21,,0) -> Camera | E22: =_xlfn.XLOOKUP(D22,Products!$B$2:$B$21,Products!$C$2:$C$21,,0) -> 34857 | F22: =C22*E22 -> 69714
A23: 5022 | B23: 7 | C23: 4 | D23: =_xlfn.XLOOKUP(B23,Products!$A$2:$A$21,Products!$B$2:$B$21,,0) -> Camera | E23: =_xlfn.XLOOKUP(D23,Products!$B$2:$B$21,Products!$C$2:$C$21,,0) -> 34857 | F23: =C23*E23 -> 139428
... A201: 5200 | B201: 12 | C201: 4 | D201: =_xlfn.XLOOKUP(B201,Products!$A$2:$A$21,Products!$B$2:$B$21,,0) -> AC | E201: =_xlfn.XLOOKUP(D201,Products!$B$2:$B$21,Products!$C$2:$C$21,,0) -> 32456 | F201: =C201*E201 -> 129824

Sheet Xlookup_mul_returns
A1: Order_ID | B1: Product_ID | C1: Quantity | D1: Product_name | E1: Price | F1: Total_price
A2: 5001 | B2: 3 | C2: 2 | D2: =_xlfn.XLOOKUP(B2,Products!$A$2:$A$21,Products!$B$2:$B$21,,0) -> Keyboard | E2: =_xlfn.XLOOKUP(D2,Products!$B$2:$B$21,Products!$C$2:$C$21,,0) -> 26587 | F2: =C2*E2 -> 53174
A3: 5002 | B3: 11 | C3: 1 | D3: =_xlfn.XLOOKUP(B3,Products!$A$2:$A$21,Products!$B$2:$B$21,,0) -> Fan | E3: =_xlfn.XLOOKUP(D3,Products!$B$2:$B$21,Products!$C$2:$C$21,,0) -> 45046 | F3: =C3*E3 -> 45046
A4: 5003 | B4: 2 | C4: 5 | D4: =_xlfn.XLOOKUP(B4,Products!$A$2:$A$21,Products!$B$2:$B$21,,0) -> Mouse | E4: =_xlfn.XLOOKUP(D4,Products!$B$2:$B$21,Products!$C$2:$C$21,,0) -> 40685 | F4: =C4*E4 -> 203425
A5: 5004 | B5: 4 | C5: 5 | D5: =_xlfn.XLOOKUP(B5,Products!$A$2:$A$21,Products!$B$2:$B$21,,0) -> Monitor | E5: =_xlfn.XLOOKUP(D5,Products!$B$2:$B$21,Products!$C$2:$C$21,,0) -> 30181 | F5: =C5*E5 -> 150905
A6: 5005 | B6: 14 | C6: 5 | D6: =_xlfn.XLOOKUP(B6,Products!$A$2:$A$21,Products!$B$2:$B$21,,0) -> Book | E6: =_xlfn.XLOOKUP(D6,Products!$B$2:$B$21,Products!$C$2:$C$21,,0) -> 23213 | F6: =C6*E6 -> 116065
A7: 5006 | B7: 5 | C7: 5 | D7: =_xlfn.XLOOKUP(B7,Products!$A$2:$A$21,Products!$B$2:$B$21,,0) -> Tablet | E7: =_xlfn.XLOOKUP(D7,Products!$B$2:$B$21,Products!$C$2:$C$21,,0) -> 13509 | F7: =C7*E7 -> 67545 | K7: Product_id | L7: Quantity | M7: Product_name | N7: Price
A8: 5007 | B8: 3 | C8: 3 | D8: =_xlfn.XLOOKUP(B8,Products!$A$2:$A$21,Products!$B$2:$B$21,,0) -> Keyboard | E8: =_xlfn.XLOOKUP(D8,Products!$B$2:$B$21,Products!$C$2:$C$21,,0) -> 26587 | F8: =C8*E8 -> 79761 | K8: 11 | L8: {=_xlfn.XLOOKUP(K8,B2:B201,C2:E201,,0)} -> 1 | M8: Fan | N8: 45046
A9: 5008 | B9: 8 | C9: 1 | D9: =_xlfn.XLOOKUP(B9,Products!$A$2:$A$21,Products!$B$2:$B$21,,0) -> Printer | E9: =_xlfn.XLOOKUP(D9,Products!$B$2:$B$21,Products!$C$2:$C$21,,0) -> 31589 | F9: =C9*E9 -> 31589
A10: 5009 | B10: 6 | C10: 5 | D10: =_xlfn.XLOOKUP(B10,Products!$A$2:$A$21,Products!$B$2:$B$21,,0) -> Phone | E10: =_xlfn.XLOOKUP(D10,Products!$B$2:$B$21,Products!$C$2:$C$21,,0) -> 10250 | F10: =C10*E10 -> 51250
A11: 5010 | B11: 16 | C11: 4 | D11: =_xlfn.XLOOKUP(B11,Products!$A$2:$A$21,Products!$B$2:$B$21,,0) -> Watch | E11: =_xlfn.XLOOKUP(D11,Products!$B$2:$B$21,Products!$C$2:$C$21,,0) -> 21553 | F11: =C11*E11 -> 86212
A12: 5011 | B12: 15 | C12: 1 | D12: =_xlfn.XLOOKUP(B12,Products!$A$2:$A$21,Products!$B$2:$B$21,,0) -> Bag | E12: =_xlfn.XLOOKUP(D12,Products!$B$2:$B$21,Products!$C$2:$C$21,,0) -> 12567 | F12: =C12*E12 -> 12567
A13: 5012 | B13: 12 | C13: 4 | D13: =_xlfn.XLOOKUP(B13,Products!$A$2:$A$21,Products!$B$2:$B$21,,0) -> AC | E13: =_xlfn.XLOOKUP(D13,Products!$B$2:$B$21,Products!$C$2:$C$21,,0) -> 32456 | F13: =C13*E13 -> 129824
A14: 5013 | B14: 19 | C14: 5 | D14: =_xlfn.XLOOKUP(B14,Products!$A$2:$A$21,Products!$B$2:$B$21,,0) -> Router | E14: =_xlfn.XLOOKUP(D14,Products!$B$2:$B$21,Products!$C$2:$C$21,,0) -> 37165 | F14: =C14*E14 -> 185825
A15: 5014 | B15: 4 | C15: 5 | D15: =_xlfn.XLOOKUP(B15,Products!$A$2:$A$21,Products!$B$2:$B$21,,0) -> Monitor | E15: =_xlfn.XLOOKUP(D15,Products!$B$2:$B$21,Products!$C$2:$C$21,,0) -> 30181 | F15: =C15*E15 -> 150905
A16: 5015 | B16: 15 | C16: 2 | D16: =_xlfn.XLOOKUP(B16,Products!$A$2:$A$21,Products!$B$2:$B$21,,0) -> Bag | E16: =_xlfn.XLOOKUP(D16,Products!$B$2:$B$21,Products!$C$2:$C$21,,0) -> 12567 | F16: =C16*E16 -> 25134
A17: 5016 | B17: 6 | C17: 5 | D17: =_xlfn.XLOOKUP(B17,Products!$A$2:$A$21,Products!$B$2:$B$21,,0) -> Phone | E17: =_xlfn.XLOOKUP(D17,Products!$B$2:$B$21,Products!$C$2:$C$21,,0) -> 10250 | F17: =C17*E17 -> 51250
A18: 5017 | B18: 4 | C18: 4 | D18: =_xlfn.XLOOKUP(B18,Products!$A$2:$A$21,Products!$B$2:$B$21,,0) -> Monitor | E18: =_xlfn.XLOOKUP(D18,Products!$B$2:$B$21,Products!$C$2:$C$21,,0) -> 30181 | F18: =C18*E18 -> 120724
A19: 5018 | B19: 5 | C19: 4 | D19: =_xlfn.XLOOKUP(B19,Products!$A$2:$A$21,Products!$B$2:$B$21,,0) -> Tablet | E19: =_xlfn.XLOOKUP(D19,Products!$B$2:$B$21,Products!$C$2:$C$21,,0) -> 13509 | F19: =C19*E19 -> 54036
A20: 5019 | B20: 17 | C20: 3 | D20: =_xlfn.XLOOKUP(B20,Products!$A$2:$A$21,Products!$B$2:$B$21,,0) -> TV | E20: =_xlfn.XLOOKUP(D20,Products!$B$2:$B$21,Products!$C$2:$C$21,,0) -> 25434 | F20: =C20*E20 -> 76302
... A201: 5200 | B201: 12 | C201: 4 | D201: =_xlfn.XLOOKUP(B201,Products!$A$2:$A$21,Products!$B$2:$B$21,,0) -> AC | E201: =_xlfn.XLOOKUP(D201,Products!$B$2:$B$21,Products!$C$2:$C$21,,0) -> 32456 | F201: =C201*E201 -> 129824
